Screen Name,Status ID,Text,Local Timestamp,Likes,Retweets,State
45806,29254996772.0,3 tornadoes confirmed in Ohio from Tuesday storm http://bit.ly/dC4DFd via http://outside.in/45806,1:55 AM - 31 Oct 2010,"Like
    
      
    
  
  
    
      
      
      Liked","Retweet
    
      
    
  
  
    
      
      Retweeted",NH
iembot_iln,28925776022.0,"#ILN Ese Cridersville [Auglaize Co, OH] nws storm survey reports TORNADO at 26 Oct, 11:59 AM EDT http://bit.ly/8ZLmDs",4:24 PM - 27 Oct 2010,"Like
    
      
    
  
  
    
      
      
      Liked","Retweet
    
      
    
  
  
    
      
      Retweeted",NH
topix_oh,28860917114.0,Cridersville Shut Down Because Of Storm Damage - http://bit.ly/bTC9YK #Cridersville #Ohio,11:47 PM - 26 Oct 2010,"Like
    
      
    
  
  
    
      
      
      Liked","Retweet
    
      
    
  
  
    
      
      Retweeted",NH
45895,29162129161.0,3 tornadoes confirmed in Ohio from Tuesday storm http://bit.ly/cMD3bU via http://outside.in/45895,1:57 AM - 30 Oct 2010,"Like
    
      
    
  
  
    
      
      
      Liked","Retweet
    
      
    
  
  
    
      
      Retweeted",NH
iembot_iwx,29015741987.0,"#IWX 1 W Rousculp [Allen Co, OH] nws storm survey reports TORNADO at 26 Oct, 11:59 AM EDT http://bit.ly/9Kouma",2:12 PM - 28 Oct 2010,"Like
    
      
    
  
  
    
      
      
      Liked","Retweet
    
      
    
  
  
    
      
      Retweeted",NH
iembot_iln,28899863235.0,"#ILN 2 Ene Buckland [Auglaize Co, OH] nws storm survey reports TORNADO at 26 Oct, 12:03 PM EDT http://bit.ly/caPVO3",10:25 AM - 27 Oct 2010,"Like
    
      
    
  
  
    
      
      
      Liked","Retweet
    
      
    
  
  
    
      
      Retweeted",NH
topix_oh,1.437850596048978e+17,Power moves: Solar project concerns mayor - http://bit.ly/suoAiJ  #Wapakoneta #Ohio,3:13 PM - 5 Dec 2011,"Like
    
      
    
  
  
    
      
      
      Liked","Retweet
    
      
    
  
  
    
      
      Retweeted",NH
ericamt_,1.4016325296862003e+17,Why can we never score on a power play...,3:21 PM - 25 Nov 2011,"Like
    
      
    
  
  
    
      
      
      Liked","Retweet
    
      
    
  
  
    
      
      Retweeted",NH
J_Floyd92,1.311361039892562e+17,"Another 3hrs, this phone power have to go off bbl",5:30 PM - 31 Oct 2011,"Like
    
      
    
  
  
    
      
      
      Liked","Retweet
    
      
    
  
  
    
      
      Retweeted",NH
Sbeechler,1.284962628561838e+17,"Lost power last night, that's why my alarm clock didn't go off ? Tf",10:41 AM - 24 Oct 2011,"Like
    
      
    
  
  
    
      
      
      Liked","Retweet
    
      
    
  
  
    
      
      Retweeted",NH
Sbeechler,1.26396349104128e+17,I wish it would storm...,3:36 PM - 18 Oct 2011,"Like
    
      
    
  
  
    
      
      
      Liked","Retweet
    
      
    
  
  
    
      
      Retweeted",NH
Sbeechler,1.2143505425682022e+17,"I love that I live somewhere that when the lights are out at night I can actually look out my window, look up at the sky & see the stars.",11:02 PM - 4 Oct 2011,"Like
    
      
    
  
  
    
      
      
      Liked","Retweet
    
      
    
  
  
    
      
      Retweeted",NH
topix_oh,1.1599348411623834e+17,Power restored to The Meeting Place - http://bit.ly/na8mqT  #Lima #Ohio,10:39 PM - 19 Sep 2011,"Like
    
      
    
  
  
    
      
      
      Liked","Retweet
    
      
    
  
  
    
      
      Retweeted",NH
abfullerton,1.0631004720162816e+17,No power... Hopefully the makeup I did in the dark doesn't look too bad hahahahaha,5:21 AM - 24 Aug 2011,"Like
    
      
    
  
  
    
      
      
      Liked","Retweet
    
      
    
  
  
    
      
      Retweeted",NH
wickedwxbot,7.714813990312755e+16,"damaging #wind - E LIMA, #OH -- TREES AND POWER LINES DOWN EAST OF THE CITY (IWX) http://goo.gl/ZFyPp",6:02 PM - 4 Jun 2011,"Like
    
      
    
  
  
    
      
      
      Liked","Retweet
    
      
    
  
  
    
      
      Retweeted",NH
kcolwell,7.713859514363085e+16,Well that was a wild thunder storm (@ The Dickie House) http://4sq.com/jciRWN,5:24 PM - 4 Jun 2011,"Like
    
      
    
  
  
    
      
      
      Liked","Retweet
    
      
    
  
  
    
      
      Retweeted",NH
fatherschnippel,7.487686029882982e+16,"Hey, Will Power, usually need 4 tires to race at Indy!",11:36 AM - 29 May 2011,"Like
    
      
    
  
  
    
      
      
      Liked","Retweet
    
      
    
  
  
    
      
      Retweeted",NH
kentstopthebeat,7.465950501890867e+16,Perfy night. RT @raechill_hall: sitting in the garage with the family. catching up and watching/listening to this intense storm. love it!,9:13 PM - 28 May 2011,"Like
    
      
    
  
  
    
      
      
      Liked","Retweet
    
      
    
  
  
    
      
      Retweeted",NH
wickedwxbot,6.919091657703424e+16,"damaging #wind - NW WAPAKONETA, #OH -- REPORTS OF TREES DOWN AND SNAPPED POWER POLES. ESTIMATED TIME OF DAMAGE...545 ... http://goo.gl/SxpHU",7:02 PM - 13 May 2011,"Like
    
      
    
  
  
    
      
      
      Liked","Retweet
    
      
    
  
  
    
      
      Retweeted",NH
tyler_thepirate,6.818257892186522e+16,This storm may mess up my night,12:16 AM - 11 May 2011,"Like
    
      
    
  
  
    
      
      
      Liked","Retweet
    
      
    
  
  
    
      
      Retweeted",NH
45806,6.097990644361216e+16,"Ohio storms knock out power, spur tornado reports http://bit.ly/hXCVlD via http://outside.in/45806",3:15 AM - 21 Apr 2011,"Like
    
      
    
  
  
    
      
      
      Liked","Retweet
    
      
    
  
  
    
      
      Retweeted",NH
45804,6.097990516016742e+16,"Ohio storms knock out power, spur tornado reports http://bit.ly/gY1UtH via http://outside.in/45804",3:15 AM - 21 Apr 2011,"Like
    
      
    
  
  
    
      
      
      Liked","Retweet
    
      
    
  
  
    
      
      Retweeted",NH
DiddyBoppinB,5.00060733645865e+16,Winter Storm Watch Lol,8:29 PM - 21 Mar 2011,"Like
    
      
    
  
  
    
      
      
      Liked","Retweet
    
      
    
  
  
    
      
      Retweeted",NH
Mr_LoCon,4.062297350944358e+16,power point slides...might as well call them ball busters,11:04 PM - 23 Feb 2011,"Like
    
      
    
  
  
    
      
      
      Liked","Retweet
    
      
    
  
  
    
      
      Retweeted",NH
unityofjustice,3.932511613118464e+16,@DalaiLama  the world we live in it only sees the wealthy can speak the poor has no voice if we try we will be shot down by people of power,9:06 AM - 20 Feb 2011,"Like
    
      
    
  
  
    
      
      
      Liked","Retweet
    
      
    
  
  
    
      
      Retweeted",NH
jacobstienecker,3.4736794645827584e+16,I took apart my computer and found out my new tower couldn't fit my power supply,5:14 PM - 7 Feb 2011,"Like
    
      
    
  
  
    
      
      
      Liked","Retweet
    
      
    
  
  
    
      
      Retweeted",NH
JohnFlanaganII,3.2600897229950976e+16,Lights flickering. Ugh. Hopefully the power stays up.,7:47 PM - 1 Feb 2011,"Like
    
      
    
  
  
    
      
      
      Liked","Retweet
    
      
    
  
  
    
      
      Retweeted",NH
jacobstienecker,3.082820836655923e+16,I put in my ram and poof turned it on and the fan cut my power cables so I had to duct tape that back together.,10:23 PM - 27 Jan 2011,"Like
    
      
    
  
  
    
      
      
      Liked","Retweet
    
      
    
  
  
    
      
      Retweeted",NH
jacobstienecker,2.675559158199091e+16,I just found that sand storm was on fun with dick and Jane,4:40 PM - 16 Jan 2011,"Like
    
      
    
  
  
    
      
      
      Liked","Retweet
    
      
    
  
  
    
      
      Retweeted",NH
troublet1969,2.3495201783808e+16,Nike's Phil Knight has branded Oregon into national power - http://bit.ly/hQzOfH /via @SI_24Seven,4:44 PM - 7 Jan 2011,"Like
    
      
    
  
  
    
      
      
      Liked","Retweet
    
      
    
  
  
    
      
      Retweeted",NH
MACK_Power_1,2.8520897522868637e+17,"#LyricsYouLikeToScream ""buy me a drank, sing me a song, take me as I come cause I can't stay long!""",9:21 PM - 29 Dec 2012,"Like
    
      
    
  
  
    
      
      
      Liked","Retweet
    
      
    
  
  
    
      
      Retweeted",NH
MACK_Power_1,2.85186021119914e+17,@AlexisDaniels10  Roll Tide Roll!,7:50 PM - 29 Dec 2012,"Like
    
      
    
  
  
    
      
      
      Liked","Retweet
    
      
    
  
  
    
      
      Retweeted",NH
MACK_Power_1,2.8517632804559258e+17,@anjenkins15 true that,7:11 PM - 29 Dec 2012,"Like
    
      
    
  
  
    
      
      
      Liked","Retweet
    
      
    
  
  
    
      
      Retweeted",NH
FaZeClan,1.0821173998039776e+18,"Deathrun 2.0 is coming. 
 @cizzorzpic.twitter.com/Wu1uPwSiJr",10:31 PM - 6 Jan 2019,"Like
    
      
    4.8K
  
  
    
      
      
      Liked
    
      
    4.8K","Retweet
    
      
    390
  
  
    
      
      Retweeted
    
      
    390",NH
MACK_Power_1,2.8482578079246336e+17,@ClintFrye1 who TF did that lmao,7:58 PM - 28 Dec 2012,"Like
    
      
    
  
  
    
      
      
      Liked","Retweet
    
      
    
  
  
    
      
      Retweeted",NH
HayleyRenee96,2.843981982090158e+17,"Stay strong sis, every heartache will fade away just like every storm runs out of rain <3",3:39 PM - 27 Dec 2012,"Like
    
      
    1
  
  
    
      
      
      Liked
    
      
    1","Retweet
    
      
    
  
  
    
      
      Retweeted",NH
Rbaby18,2.8412138036934246e+17,I wanna make your you know what storm tonight,9:19 PM - 26 Dec 2012,"Like
    
      
    
  
  
    
      
      
      Liked","Retweet
    
      
    
  
  
    
      
      Retweeted",NH
Flanderson351,2.841197073328005e+17,It isn't a party unless you are blackout drunk and puking in your friends truck while blasting WuTang.,9:13 PM - 26 Dec 2012,"Like
    
      
    
  
  
    
      
      
      Liked","Retweet
    
      
    
  
  
    
      
      Retweeted",NH
MACK_Power_1,2.840489790990213e+17,@vonnadh always Vonna,4:32 PM - 26 Dec 2012,"Like
    
      
    
  
  
    
      
      
      Liked","Retweet
    
      
    
  
  
    
      
      Retweeted",NH
The_man_ight,2.8403164844460032e+17,First snow storm without my jeep #fml it's a sad day in history,3:23 PM - 26 Dec 2012,"Like
    
      
    
  
  
    
      
      
      Liked","Retweet
    
      
    
  
  
    
      
      Retweeted",NH
HayleyRenee96,2.8399940032858112e+17,I just thank God that the power is still on. I don't wanna be freezing,1:15 PM - 26 Dec 2012,"Like
    
      
    
  
  
    
      
      
      Liked","Retweet
    
      
    1
  
  
    
      
      Retweeted
    
      
    1",NH
MACK_Power_1,2.839971984741499e+17,Love my 4WD,1:06 PM - 26 Dec 2012,"Like
    
      
    
  
  
    
      
      
      Liked","Retweet
    
      
    1
  
  
    
      
      Retweeted
    
      
    1",NH
MACK_Power_1,2.8399652547290726e+17,I-75 is a nightmare for a car  I wouldn't be on the roads if I didn't have to be,1:03 PM - 26 Dec 2012,"Like
    
      
    
  
  
    
      
      
      Liked","Retweet
    
      
    
  
  
    
      
      Retweeted",NH
SWxGG,2.8397691790282752e+17,This snow storm right now <<,11:45 AM - 26 Dec 2012,"Like
    
      
    
  
  
    
      
      
      Liked","Retweet
    
      
    5
  
  
    
      
      Retweeted
    
      
    5",NH
tlightle21,2.8395578733481984e+17,i forreal hope that the power doesnt go out,10:21 AM - 26 Dec 2012,"Like
    
      
    
  
  
    
      
      
      Liked","Retweet
    
      
    
  
  
    
      
      Retweeted",NH
juliannakp,2.8379255514821018e+17,Movie time with my mom dad and dog scout! Relaxing before the storm....,11:33 PM - 25 Dec 2012,"Like
    
      
    
  
  
    
      
      
      Liked","Retweet
    
      
    
  
  
    
      
      Retweeted",NH
hef_2o11,2.8345921520756736e+17,Oh the power of cigarettes,1:28 AM - 25 Dec 2012,"Like
    
      
    
  
  
    
      
      
      Liked","Retweet
    
      
    
  
  
    
      
      Retweeted",NH
The_man_ight,2.8307637056375197e+17,#confession  I hate when girls try to show that they have power over you ....except in the bed Room,12:07 AM - 24 Dec 2012,"Like
    
      
    
  
  
    
      
      
      Liked","Retweet
    
      
    
  
  
    
      
      Retweeted",NH
LAUR3N__,2.8305998162706022e+17,"She stood in the storm, & when the wind did not blow her way, she adjusted her sails",11:02 PM - 23 Dec 2012,"Like
    
      
    
  
  
    
      
      
      Liked","Retweet
    
      
    
  
  
    
      
      Retweeted",NH
dvovalentine,2.8262798135513088e+17,Every storm runs out of rain,6:25 PM - 22 Dec 2012,"Like
    
      
    
  
  
    
      
      
      Liked","Retweet
    
      
    3
  
  
    
      
      Retweeted
    
      
    3",NH
CatalinaCraig,2.822895783359324e+17,That would be weird to be in a nursing home without power for awhile.,8:00 PM - 21 Dec 2012,"Like
    
      
    
  
  
    
      
      
      Liked","Retweet
    
      
    
  
  
    
      
      Retweeted",NH
CatalinaCraig,2.822884675709952e+17,Keep wondering if the power is gonna go out. Lights keep flickering. Hopefully the generator works...,7:56 PM - 21 Dec 2012,"Like
    
      
    
  
  
    
      
      
      Liked","Retweet
    
      
    
  
  
    
      
      Retweeted",NH
payton_posgate,2.8228015944749875e+17,"@MistyPaolino I was yesterday! The power went out while i was in the shower, and home alone.  #wantedtocry",7:23 PM - 21 Dec 2012,"Like
    
      
    
  
  
    
      
      
      Liked","Retweet
    
      
    
  
  
    
      
      Retweeted",NH
payton_posgate,2.822538024705188e+17,@hannahlwagar do you have power?,5:38 PM - 21 Dec 2012,"Like
    
      
    
  
  
    
      
      
      Liked","Retweet
    
      
    
  
  
    
      
      Retweeted",NH
Apple,1.0762616420386406e+18,"The new iPad Pro. Now with an all-screen design, Face ID, USB-C, and redesigned Apple Pencil.",6:42 PM - 21 Dec 2018,"Like
    
      
    46
  
  
    
      
      
      Liked
    
      
    46","Retweet
    
      
    12
  
  
    
      
      Retweeted
    
      
    12",NH
HayleyRenee96,2.8219882555953152e+17,"“@maddie_w21: My power isn't coming back on until around five <<<<”
What?? Smh is it like that for everyone?",2:00 PM - 21 Dec 2012,"Like
    
      
    
  
  
    
      
      
      Liked","Retweet
    
      
    
  
  
    
      
      Retweeted",NH
HayleyRenee96,2.821959963756544e+17,Power better come back on soon because I need a shower and my phone charged,1:49 PM - 21 Dec 2012,"Like
    
      
    
  
  
    
      
      
      Liked","Retweet
    
      
    
  
  
    
      
      Retweeted",NH
MACK_Power_1,2.819927938602148e+17,@tylerXfaber will do captain,12:21 AM - 21 Dec 2012,"Like
    
      
    
  
  
    
      
      
      Liked","Retweet
    
      
    
  
  
    
      
      Retweeted",NH
michaela_ann14,2.819925497349448e+17,When the power goes out and cody is making puppets through the flash light>>>>> #mademynight,12:20 AM - 21 Dec 2012,"Like
    
      
    1
  
  
    
      
      
      Liked
    
      
    1","Retweet
    
      
    
  
  
    
      
      Retweeted",NH
MACK_Power_1,2.8199014806811037e+17,On my way to gods country can't wait to be in KY! #TakeMeHomeCountryRoads,12:11 AM - 21 Dec 2012,"Like
    
      
    
  
  
    
      
      
      Liked","Retweet
    
      
    
  
  
    
      
      Retweeted",NH
HayleyRenee96,2.819743895017308e+17,Damn power went out and I only have 34%,11:08 PM - 20 Dec 2012,"Like
    
      
    
  
  
    
      
      
      Liked","Retweet
    
      
    
  
  
    
      
      Retweeted",NH
The_man_ight,2.8195961647518106e+17,Our power better not go out,10:09 PM - 20 Dec 2012,"Like
    
      
    
  
  
    
      
      
      Liked","Retweet
    
      
    
  
  
    
      
      Retweeted",NH
mtl_2015,2.8194372448380928e+17,I'm not even flipping out about the world ending.. I'm flipping out about the storm and my MOTION OUTSIDE lights,9:06 PM - 20 Dec 2012,"Like
    
      
    
  
  
    
      
      
      Liked","Retweet
    
      
    
  
  
    
      
      Retweeted",NH
HayleyRenee96,2.8194035635286426e+17,Branch fell on the power lines in Harrod? #fml,8:53 PM - 20 Dec 2012,"Like
    
      
    
  
  
    
      
      
      Liked","Retweet
    
      
    
  
  
    
      
      Retweeted",NH
HayleyRenee96,2.8194028912235315e+17,@jordancoates10 what?! I better have power when I get home !!,8:52 PM - 20 Dec 2012,"Like
    
      
    
  
  
    
      
      
      Liked","Retweet
    
      
    
  
  
    
      
      Retweeted",NH
mtl_2015,2.819346801257472e+17,Watching 2012... Swear if the power goes out whole I'm watching this i'ma flip,8:30 PM - 20 Dec 2012,"Like
    
      
    
  
  
    
      
      
      Liked","Retweet
    
      
    
  
  
    
      
      Retweeted",NH
Zach34Sterling,2.8112716086392013e+17,Anybody want some Power Balance bands!?,3:01 PM - 18 Dec 2012,"Like
    
      
    
  
  
    
      
      
      Liked","Retweet
    
      
    
  
  
    
      
      Retweeted",NH
RoseFarms01,2.8075162925336986e+17,@schmitderek @Ccoop15 you haven't. The NCAA hasn't targeted them. Look at USC or Florida or OSU. All NCAA power houses in the last ten years,2:09 PM - 17 Dec 2012,"Like
    
      
    
  
  
    
      
      
      Liked","Retweet
    
      
    
  
  
    
      
      Retweeted",NH
JimmyXKing,2.8072067631323955e+17,Time flys when you're tweeting up a storm,12:06 PM - 17 Dec 2012,"Like
    
      
    
  
  
    
      
      
      Liked","Retweet
    
      
    
  
  
    
      
      Retweeted",NH
MACK_Power_1,2.804863389129892e+17,7 straight overtimes wtf! @abraham_brent31,8:35 PM - 16 Dec 2012,"Like
    
      
    
  
  
    
      
      
      Liked","Retweet
    
      
    
  
  
    
      
      Retweeted",NH
MACK_Power_1,2.8048188388267213e+17,@WhitneyLeannHow you can keep that rice water,8:17 PM - 16 Dec 2012,"Like
    
      
    
  
  
    
      
      
      Liked","Retweet
    
      
    
  
  
    
      
      Retweeted",NH
MACK_Power_1,2.804773929281413e+17,@WhitneyLeannHow  Miller lite only way to go,7:59 PM - 16 Dec 2012,"Like
    
      
    
  
  
    
      
      
      Liked","Retweet
    
      
    
  
  
    
      
      Retweeted",NH
kerstengotfried,2.8047608329445376e+17,wet sex keeping it good . pussyy power we in control..,7:54 PM - 16 Dec 2012,"Like
    
      
    1
  
  
    
      
      
      Liked
    
      
    1","Retweet
    
      
    
  
  
    
      
      Retweeted",NH
CodyBodi,2.804622782042235e+17,Can someone send me a pic of the power point requirements for Rodgers? @teague_24,6:59 PM - 16 Dec 2012,"Like
    
      
    
  
  
    
      
      
      Liked","Retweet
    
      
    
  
  
    
      
      Retweeted",NH
MACK_Power_1,2.800923550575698e+17,#Dashhund#CuteAsHellpic.twitter.com/Sj6Yhllu,6:29 PM - 15 Dec 2012,"Like
    
      
    
  
  
    
      
      
      Liked","Retweet
    
      
    
  
  
    
      
      Retweeted",NH
Apple,1.0762616420386406e+18,"The new iPad Pro. Now with an all-screen design, Face ID, USB-C, and redesigned Apple Pencil.",6:42 PM - 21 Dec 2018,"Like
    
      
    46
  
  
    
      
      
      Liked
    
      
    46","Retweet
    
      
    12
  
  
    
      
      Retweeted
    
      
    12",NH
HayleyRenee96,2.8002760618583245e+17,Every storm runs out of rain,2:12 PM - 15 Dec 2012,"Like
    
      
    
  
  
    
      
      
      Liked","Retweet
    
      
    
  
  
    
      
      Retweeted",NH
MACK_Power_1,2.7982433888097075e+17,Been dazed and confused for so long that it ain't true  #Zeppelin,12:44 AM - 15 Dec 2012,"Like
    
      
    
  
  
    
      
      
      Liked","Retweet
    
      
    
  
  
    
      
      Retweeted",NH
HayleyRenee96,2.768137681708114e+17,Every storm runs out of rain,5:21 PM - 6 Dec 2012,"Like
    
      
    1
  
  
    
      
      
      Liked
    
      
    1","Retweet
    
      
    1
  
  
    
      
      Retweeted
    
      
    1",NH
Hawke22,2.745466417998848e+17,"@TWCableHelp is there an internet service outage in Waynesfield, Ohio? We have no connection",11:13 AM - 30 Nov 2012,"Like
    
      
    
  
  
    
      
      
      Liked","Retweet
    
      
    
  
  
    
      
      Retweeted",NH
Archdaddy2012,2.7393968757028864e+17,What channel will the power ball be on ?,7:01 PM - 28 Nov 2012,"Like
    
      
    
  
  
    
      
      
      Liked","Retweet
    
      
    
  
  
    
      
      Retweeted",NH
JRhenea,2.7364466498326528e+17,"No relationship is all sunshine, But two people can share one umbrella and survive the storm together!",11:29 PM - 27 Nov 2012,"Like
    
      
    
  
  
    
      
      
      Liked","Retweet
    
      
    
  
  
    
      
      Retweeted",NH
kwdex,2.7359567369641984e+17,@daniforthewin well I have bad news... I for some reason don't have it... I can send you the power point though... It has the same info,8:14 PM - 27 Nov 2012,"Like
    
      
    
  
  
    
      
      
      Liked","Retweet
    
      
    
  
  
    
      
      Retweeted",NH
eniasnehpets,2.7348813690923827e+17,When the power of love overcomes the love of power the world will know peace.,1:07 PM - 27 Nov 2012,"Like
    
      
    
  
  
    
      
      
      Liked","Retweet
    
      
    
  
  
    
      
      Retweeted",NH
MadisonLStoner,2.7319571692560384e+17,"Every storm runs out of rain, every heartache will fade away",5:45 PM - 26 Nov 2012,"Like
    
      
    
  
  
    
      
      
      Liked","Retweet
    
      
    1
  
  
    
      
      Retweeted
    
      
    1",NH
HayleyRenee96,2.721969283291054e+17,Every heart ache will fade away just like every storm runs out of rain <3,11:36 PM - 23 Nov 2012,"Like
    
      
    
  
  
    
      
      
      Liked","Retweet
    
      
    1
  
  
    
      
      Retweeted
    
      
    1",NH
luscious_Xox,2.720950214051922e+17,"RT @12nwatkins:"" Life isn’t about waiting for the storm to pass, it’s about learning to dance in the rain.""",4:51 PM - 23 Nov 2012,"Like
    
      
    
  
  
    
      
      
      Liked","Retweet
    
      
    
  
  
    
      
      Retweeted",NH
TylerDunlap1,2.7205086246824755e+17,This is the calm before the storm.,1:55 PM - 23 Nov 2012,"Like
    
      
    1
  
  
    
      
      
      Liked
    
      
    1","Retweet
    
      
    
  
  
    
      
      Retweeted",NH
dellarucker,2.7163202681218253e+17,"Great article. Power of tech to unlock participation 4 people on autistic spectrum is nothing short of transforming. 
http://m.washingtonpost.com/national/on-innovations/the-voice-we-might-never-have-heard/2012/11/21/d1133df2-292e-11e2-bab2-eda299503684_story.html …",10:11 AM - 22 Nov 2012,"Like
    
      
    
  
  
    
      
      
      Liked","Retweet
    
      
    
  
  
    
      
      Retweeted",NH
HayleyRenee96,2.714265995204526e+17,Every storm runs out rain just like every dark night turns to day,8:35 PM - 21 Nov 2012,"Like
    
      
    
  
  
    
      
      
      Liked","Retweet
    
      
    
  
  
    
      
      Retweeted",NH
Barnold1993,2.7066831435374182e+17,"@TheZompster and everyone was saying they were unstoppable. His defense is great and his offense is power. Think Bal, 9ers, and Pitt.",6:22 PM - 19 Nov 2012,"Like
    
      
    
  
  
    
      
      
      Liked","Retweet
    
      
    
  
  
    
      
      Retweeted",NH
Barnold1993,2.706596125025239e+17,@TheZompster David Shaw is great. You must not know about him. Smash mouth football. Great defense. Power Offense.,5:47 PM - 19 Nov 2012,"Like
    
      
    
  
  
    
      
      
      Liked","Retweet
    
      
    
  
  
    
      
      Retweeted",NH
Archdaddy2012,2.7033497918205542e+17,“@AntiJokeApplee: I think on Dec. 21 all the power companies should just shut off the power... for like 10 mins to make people flip out.”,8:17 PM - 18 Nov 2012,"Like
    
      
    
  
  
    
      
      
      Liked","Retweet
    
      
    1
  
  
    
      
      Retweeted
    
      
    1",NH
dvovalentine,2.6928721756489728e+17,Every storm runs outta rain,10:54 PM - 15 Nov 2012,"Like
    
      
    
  
  
    
      
      
      Liked","Retweet
    
      
    
  
  
    
      
      Retweeted",NH
kerstengotfried,2.6887571205903565e+17,"I don't want to be a minute baby , I'm just like a storm raining on me I'm soakin, wet",7:38 PM - 14 Nov 2012,"Like
    
      
    
  
  
    
      
      
      Liked","Retweet
    
      
    
  
  
    
      
      Retweeted",NH
kerstengotfried,2.6881733813510963e+17,Remember Hey Arnold? Rugrats? CatDog? Rocket Power? Kenan & Kel? The Amanda Show?... When Nickelodeon made sense..,3:47 PM - 14 Nov 2012,"Like
    
      
    
  
  
    
      
      
      Liked","Retweet
    
      
    
  
  
    
      
      Retweeted",NH
Apple,1.0762616420386406e+18,"The new iPad Pro. Now with an all-screen design, Face ID, USB-C, and redesigned Apple Pencil.",6:42 PM - 21 Dec 2018,"Like
    
      
    46
  
  
    
      
      
      Liked
    
      
    46","Retweet
    
      
    12
  
  
    
      
      Retweeted
    
      
    12",NH
L_R_B_64,2.6778139655316685e+17,Watching power rangers #classic,7:10 PM - 11 Nov 2012,"Like
    
      
    
  
  
    
      
      
      Liked","Retweet
    
      
    
  
  
    
      
      Retweeted",NH
Bulldawg_Alstar,2.6678864251991245e+17,"Lmao the thing tht makes me laugh on twitter 
Some1:men I'm off/night twitter
2min later
Some1:tweetin up a fuckin storm>>>>>
LMAO",1:25 AM - 9 Nov 2012,"Like
    
      
    1
  
  
    
      
      
      Liked
    
      
    1","Retweet
    
      
    1
  
  
    
      
      Retweeted
    
      
    1",NH
kwdex,2.6629240415860736e+17,@USATOpinion I would like to see more of a representation of the Republican population and less of a two sided fight for power #tellusatoday,4:33 PM - 7 Nov 2012,"Like
    
      
    
  
  
    
      
      
      Liked","Retweet
    
      
    
  
  
    
      
      Retweeted",NH
kwdex,2.6629126694018253e+17,"@USATODAY yes, I'm hoping to see a better representation of GOP values and less of a two sided fight for power like it has been in the past",4:29 PM - 7 Nov 2012,"Like
    
      
    
  
  
    
      
      
      Liked","Retweet
    
      
    
  
  
    
      
      Retweeted",NH
just_coen_yo,2.649776323141509e+17,"""When the power of love overcomes the love of power, the world will know peace"" Jimi Hendrix",1:29 AM - 4 Nov 2012,"Like
    
      
    
  
  
    
      
      
      Liked","Retweet
    
      
    
  
  
    
      
      Retweeted",NH
daniidoris,2.64803207656661e+17,Total blackout has me dyingggggg  #dead #toofunny,1:56 PM - 3 Nov 2012,"Like
    
      
    
  
  
    
      
      
      Liked","Retweet
    
      
    
  
  
    
      
      Retweeted",NH
DJ_Mus_Mus,2.643596446491197e+17,Power is the most intoxicating of all drugs #ambition,8:33 AM - 2 Nov 2012,"Like
    
      
    
  
  
    
      
      
      Liked","Retweet
    
      
    
  
  
    
      
      Retweeted",NH
topix_oh,2.641085412735877e+17,"Maplewoodians Clamor for Information on Power, Gas - http://bit.ly/WcirCA  #Maplewood #Ohio",3:55 PM - 1 Nov 2012,"Like
    
      
    
  
  
    
      
      
      Liked","Retweet
    
      
    
  
  
    
      
      Retweeted",NH
45806,2.6368702950473728e+17,Romney plans Ohio stop despite storm http://bit.ly/W72e1f  via http://outside.in/45806,12:01 PM - 31 Oct 2012,"Like
    
      
    
  
  
    
      
      
      Liked","Retweet
    
      
    
  
  
    
      
      Retweeted",NH
45804,2.636870101018952e+17,Romney plans Ohio stop despite storm http://bit.ly/W72cXg  via http://outside.in/45804,12:00 PM - 31 Oct 2012,"Like
    
      
    
  
  
    
      
      
      Liked","Retweet
    
      
    
  
  
    
      
      Retweeted",NH
dennyg2,2.633064019280773e+17,@dougdardar I don't think this storm will matter much. This election is about one thing only...the economy!,10:48 AM - 30 Oct 2012,"Like
    
      
    
  
  
    
      
      
      Liked","Retweet
    
      
    
  
  
    
      
      Retweeted",NH
__aleighxo,2.6314797282349466e+17,"Holy fuck balls , the power just flicked off .",12:19 AM - 30 Oct 2012,"Like
    
      
    
  
  
    
      
      
      Liked","Retweet
    
      
    
  
  
    
      
      Retweeted",NH
Archdaddy2012,2.6301848175315357e+17,“@xo_gill: i feel like people are just talking this storm up.”,3:44 PM - 29 Oct 2012,"Like
    
      
    
  
  
    
      
      
      Liked","Retweet
    
      
    
  
  
    
      
      Retweeted",NH
audiokid69,2.6300391324504064e+17,@Jared_Tate why couldn't this storm come the day halo comes out? It's a waste of rain.,2:46 PM - 29 Oct 2012,"Like
    
      
    
  
  
    
      
      
      Liked","Retweet
    
      
    
  
  
    
      
      Retweeted",NH
Bulldawg_Alstar,2.629375686503588e+17,"Storm on down then 
#cuddlingweather",10:22 AM - 29 Oct 2012,"Like
    
      
    
  
  
    
      
      
      Liked","Retweet
    
      
    
  
  
    
      
      Retweeted",NH
SpencerHawkins,2.62909930489643e+17,@sprint: We are preparing for Hurricane #Sandy. See what we’re doing to ease potential storm impact to our customers. http://bit.ly/Pg9qEp,8:33 AM - 29 Oct 2012,"Like
    
      
    
  
  
    
      
      
      Liked","Retweet
    
      
    
  
  
    
      
      Retweeted",NH
MadisonLStoner,2.6196089442522726e+17,"Life isn't about waiting for the storm to pass, it's about learning how to dance in the rain",5:41 PM - 26 Oct 2012,"Like
    
      
    
  
  
    
      
      
      Liked","Retweet
    
      
    
  
  
    
      
      Retweeted",NH
moon_jason,2.6190646687997133e+17,@MarnieLevy 1 rainy day here in Ohio and chili too hope everybody in the way of the storm is safe!,2:05 PM - 26 Oct 2012,"Like
    
      
    
  
  
    
      
      
      Liked","Retweet
    
      
    
  
  
    
      
      Retweeted",NH
MillerFF,2.6129057405588275e+17,@lawildabeast the power button?,9:18 PM - 24 Oct 2012,"Like
    
      
    
  
  
    
      
      
      Liked","Retweet
    
      
    
  
  
    
      
      Retweeted",NH
Archdaddy2012,2.609125077267456e+17,Rocket power was the shit,8:16 PM - 23 Oct 2012,"Like
    
      
    1
  
  
    
      
      
      Liked
    
      
    1","Retweet
    
      
    
  
  
    
      
      Retweeted",NH
Apple,1.0762616420386406e+18,"The new iPad Pro. Now with an all-screen design, Face ID, USB-C, and redesigned Apple Pencil.",6:42 PM - 21 Dec 2018,"Like
    
      
    46
  
  
    
      
      
      Liked
    
      
    46","Retweet
    
      
    12
  
  
    
      
      Retweeted
    
      
    12",NH
Bulldawg_Alstar,2.606084359707812e+17,If it was one of my friends bet them pipes woulda had rocket power .,12:07 AM - 23 Oct 2012,"Like
    
      
    
  
  
    
      
      
      Liked","Retweet
    
      
    
  
  
    
      
      Retweeted",NH
livicasey,2.6048266596112384e+17,it needs to storm,3:48 PM - 22 Oct 2012,"Like
    
      
    
  
  
    
      
      
      Liked","Retweet
    
      
    
  
  
    
      
      Retweeted",NH
CodyBodi,2.598403077204992e+17,"There's a higher power that will judge you for your indecency. 
Tom Cruise?",9:15 PM - 20 Oct 2012,"Like
    
      
    
  
  
    
      
      
      Liked","Retweet
    
      
    
  
  
    
      
      Retweeted",NH
Barnold1993,2.59344730155008e+17,"@SkinnyDuzIt Midget leagues ere never throw the ball. Maybe 5 times a game. Rest is sweeps, power O. Qb run.",12:26 PM - 19 Oct 2012,"Like
    
      
    
  
  
    
      
      
      Liked","Retweet
    
      
    
  
  
    
      
      Retweeted",NH
Archdaddy2012,2.5870622237354803e+17,“@miss_tasteyy: this storm is lerkinnn”,6:09 PM - 17 Oct 2012,"Like
    
      
    
  
  
    
      
      
      Liked","Retweet
    
      
    
  
  
    
      
      Retweeted",NH
Barnold1993,2.5766196659474432e+17,I usually make my draft based on the ESPN power rankings but I honestly think eagles should be picking top 10. Not winning more than 7 games,8:59 PM - 14 Oct 2012,"Like
    
      
    
  
  
    
      
      
      Liked","Retweet
    
      
    
  
  
    
      
      Retweeted",NH
tylor_fisher,2.5599174311426458e+17,Losing power not cool...  I was in the middle of a movie.,6:22 AM - 10 Oct 2012,"Like
    
      
    
  
  
    
      
      
      Liked","Retweet
    
      
    
  
  
    
      
      Retweeted",NH
LemonyStickit,2.536615727051735e+17,Hit her with that tool. Power drilling #2Chainz haha,8:03 PM - 3 Oct 2012,"Like
    
      
    
  
  
    
      
      
      Liked","Retweet
    
      
    
  
  
    
      
      Retweeted",NH
greattweetsam,2.5334741162223206e+17,"Money, power, respect, the only things truly important.",11:15 PM - 2 Oct 2012,"Like
    
      
    
  
  
    
      
      
      Liked","Retweet
    
      
    1
  
  
    
      
      Retweeted
    
      
    1",NH
LGoinHambrister,2.519230767391048e+17,@LoganRockhold now I'm playin with some power tools #MANSTUFF oops just cut off my finger but I don't care cuz I'm a MAN,12:55 AM - 29 Sep 2012,"Like
    
      
    
  
  
    
      
      
      Liked","Retweet
    
      
    
  
  
    
      
      Retweeted",NH
tblue513,2.512974354171822e+17,"Power just went out, ur powerpoint is down. Stop talking #EXPproblems
@myoungpeter21 @THatMaNDC @Barrientes02",7:29 AM - 27 Sep 2012,"Like
    
      
    
  
  
    
      
      
      Liked","Retweet
    
      
    
  
  
    
      
      Retweeted",NH
MillerFF,2.5042372653602406e+17,I'm so pissed I couldn't get that 4th power star...do it in the morn lol,9:37 PM - 24 Sep 2012,"Like
    
      
    
  
  
    
      
      
      Liked","Retweet
    
      
    
  
  
    
      
      Retweeted",NH
lord_jayx,2.4957488272626483e+17,Survived the hail storm doe,1:24 PM - 22 Sep 2012,"Like
    
      
    
  
  
    
      
      
      Liked","Retweet
    
      
    
  
  
    
      
      Retweeted",NH
Flanderson351,2.4904222846133453e+17,Money is power. Power is money.,2:07 AM - 21 Sep 2012,"Like
    
      
    
  
  
    
      
      
      Liked","Retweet
    
      
    
  
  
    
      
      Retweeted",NH
devonellisonn,2.485716303375483e+17,Ima. Make it. Rain. Thunder. Fuckin. Storm.,6:57 PM - 19 Sep 2012,"Like
    
      
    
  
  
    
      
      
      Liked","Retweet
    
      
    
  
  
    
      
      Retweeted",NH
adawntoler,2.4838707586966323e+17,""" every storm runs out of rain just like every dark night turns into day"" -Gary Allen",6:44 AM - 19 Sep 2012,"Like
    
      
    
  
  
    
      
      
      Liked","Retweet
    
      
    
  
  
    
      
      Retweeted",NH
Flanderson351,2.4759785522372608e+17,"""When the power of love overcomes the love of power, the world will know peace."" - Jimi Hendrix",2:28 AM - 17 Sep 2012,"Like
    
      
    
  
  
    
      
      
      Liked","Retweet
    
      
    
  
  
    
      
      Retweeted",NH
2fence9,2.4745356104947712e+17,18U Valley Storm looking very tough!,4:55 PM - 16 Sep 2012,"Like
    
      
    1
  
  
    
      
      
      Liked
    
      
    1","Retweet
    
      
    
  
  
    
      
      Retweeted",NH
greattweetsam,2.4669275927938253e+17,"The storm is on the horizon, Im standing here alone.",2:31 PM - 14 Sep 2012,"Like
    
      
    
  
  
    
      
      
      Liked","Retweet
    
      
    
  
  
    
      
      Retweeted",NH
tlightle21,2.442668047578112e+17,this storm is getting super annoying #realtalk,9:51 PM - 7 Sep 2012,"Like
    
      
    
  
  
    
      
      
      Liked","Retweet
    
      
    
  
  
    
      
      Retweeted",NH
JimmyKimmelLive,1.0826846925187276e+18,.@IamGuillermo’s amazing New Year’s resolution brought to life thanks to @ChevyTrucks… #adpic.twitter.com/TMGdujVGjn,12:05 PM - 8 Jan 2019,"Like
    
      
    1.2K
  
  
    
      
      
      Liked
    
      
    1.2K","Retweet
    
      
    89
  
  
    
      
      Retweeted
    
      
    89",NH
heatherrister,2.4336409346822144e+17,We were down for two hours this morning because we didn't have any power! So now we are gonna be here til 4:( #worksucks,10:04 AM - 5 Sep 2012,"Like
    
      
    1
  
  
    
      
      
      Liked
    
      
    1","Retweet
    
      
    
  
  
    
      
      Retweeted",NH
tlightle21,2.421718139568251e+17,for some reason i want it to storm super bad so the power goes out so we cant use our cell phones .,3:07 AM - 2 Sep 2012,"Like
    
      
    2
  
  
    
      
      
      Liked
    
      
    2","Retweet
    
      
    
  
  
    
      
      Retweeted",NH
thewalkingsam9,2.403159932289966e+17,power is back on:) #afraidofthedark,12:12 AM - 28 Aug 2012,"Like
    
      
    
  
  
    
      
      
      Liked","Retweet
    
      
    
  
  
    
      
      Retweeted",NH
thewalkingsam9,2.402729067755848e+17,power went out... great ...... text I guess,9:21 PM - 27 Aug 2012,"Like
    
      
    
  
  
    
      
      
      Liked","Retweet
    
      
    
  
  
    
      
      Retweeted",NH
_manda_xoxo,2.40126912377258e+17,@_karlyfreed15 right? I do everything in my power to avoid riding the bus,11:41 AM - 27 Aug 2012,"Like
    
      
    
  
  
    
      
      
      Liked","Retweet
    
      
    
  
  
    
      
      Retweeted",NH
livicasey,2.3795151939005645e+17,Just lol'ed thinking about when @brikidddd power washed west gate parking lot with her puke #classynevertrashy @brookedav12 @brookerenee13,11:37 AM - 21 Aug 2012,"Like
    
      
    1
  
  
    
      
      
      Liked
    
      
    1","Retweet
    
      
    
  
  
    
      
      Retweeted",NH
Mr_Norris37,2.373272141510779e+17,Wtf.... the power goes off in the dorm and now theres nothing to do,6:16 PM - 19 Aug 2012,"Like
    
      
    
  
  
    
      
      
      Liked","Retweet
    
      
    
  
  
    
      
      Retweeted",NH
KayleeSpangler,2.373192313126461e+17,Power is out till like 930 #gonnadie #wtf,5:44 PM - 19 Aug 2012,"Like
    
      
    
  
  
    
      
      
      Liked","Retweet
    
      
    
  
  
    
      
      Retweeted",NH
CodyBodi,2.3575806295739187e+17,So why do we have no power? #thissucks #bettergetfixedsoon,10:21 AM - 15 Aug 2012,"Like
    
      
    
  
  
    
      
      
      Liked","Retweet
    
      
    
  
  
    
      
      Retweeted",NH
mstidam23,2.3575682965163213e+17,No one at the lake has power ?,10:16 AM - 15 Aug 2012,"Like
    
      
    
  
  
    
      
      
      Liked","Retweet
    
      
    
  
  
    
      
      Retweeted",NH
CodyVHs,2.3575479823695872e+17,Power is out at work. Saweet.,10:08 AM - 15 Aug 2012,"Like
    
      
    
  
  
    
      
      
      Liked","Retweet
    
      
    
  
  
    
      
      Retweeted",NH
CodyVHs,2.356114064001147e+17,"I see pride. 
I see power. 
I see a badass motha who won't take no crap out of nobody.",12:38 AM - 15 Aug 2012,"Like
    
      
    1
  
  
    
      
      
      Liked
    
      
    1","Retweet
    
      
    2
  
  
    
      
      Retweeted
    
      
    2",NH
topix_oh,2.351820948616151e+17,Repair after storm - http://bit.ly/MVtwUu  #Wapakoneta #Ohio,8:12 PM - 13 Aug 2012,"Like
    
      
    
  
  
    
      
      
      Liked","Retweet
    
      
    
  
  
    
      
      Retweeted",NH
narniakid281,2.3408979332210688e+17,Ok I'll be the one to ask: Why is the sky #blue? (Storm #clouds are gray...) #curiosity killed the #stormchaserpic.twitter.com/D8Odxv2l,7:52 PM - 10 Aug 2012,"Like
    
      
    
  
  
    
      
      
      Liked","Retweet
    
      
    
  
  
    
      
      Retweeted",NH
CodyBodi,2.337676088208384e+17,Another storm? #awman,10:31 PM - 9 Aug 2012,"Like
    
      
    
  
  
    
      
      
      Liked","Retweet
    
      
    
  
  
    
      
      Retweeted",NH
xo_FCK_LOVE,2.3374381000019968e+17,"""@jenna_houston: Me- it's gonna storm. Kala- yeah when he sticks his dick in my crotch. #kalaisanastybitch"" im nasty & funny :) lolol",8:57 PM - 9 Aug 2012,"Like
    
      
    
  
  
    
      
      
      Liked","Retweet
    
      
    
  
  
    
      
      Retweeted",NH
hef_2o11,2.332807403668808e+17,SO READY FOR OPENING WEEKEND  #whitegirlwasted #blackout,2:17 PM - 8 Aug 2012,"Like
    
      
    
  
  
    
      
      
      Liked","Retweet
    
      
    
  
  
    
      
      Retweeted",NH
CrazyCatLadyRPh,2.32706167955157e+17,Yay! The crazy storm the other day cleaned all the goose poop off the sidewalks,12:14 AM - 7 Aug 2012,"Like
    
      
    
  
  
    
      
      
      Liked","Retweet
    
      
    
  
  
    
      
      Retweeted",NH
jake___williams,2.3206702654438195e+17,Yellow morning after the storm #amazing,5:54 AM - 5 Aug 2012,"Like
    
      
    
  
  
    
      
      
      Liked","Retweet
    
      
    
  
  
    
      
      Retweeted",NH
greattweetsam,2.3195175531380736e+17,If you left because of the storm you're a fucking pussy.,10:16 PM - 4 Aug 2012,"Like
    
      
    
  
  
    
      
      
      Liked","Retweet
    
      
    1
  
  
    
      
      Retweeted
    
      
    1",NH
VoiceSummitAI,1.0830326465806664e+18,"After over a million pre-orders, Amazon's Echo Auto has begun to ship https://tcrn.ch/2TxJZkU  by @techcrunch // ""The Echo Auto, meanwhile, is still only available on an invite-only basis."" #CES2019pic.twitter.com/RzBQREkhF0",11:07 AM - 9 Jan 2019,"Like
    
      
    6
  
  
    
      
      
      Liked
    
      
    6","Retweet
    
      
    2
  
  
    
      
      Retweeted
    
      
    2",NH
lynnelise13,2.319505557260861e+17,Losing power @ all the bars #priceless.,10:11 PM - 4 Aug 2012,"Like
    
      
    
  
  
    
      
      
      Liked","Retweet
    
      
    
  
  
    
      
      Retweeted",NH
ayeee_wadds,2.3193717246541005e+17,"Currently driving in this lighting storm with boon,shantay,liz and britt.",9:18 PM - 4 Aug 2012,"Like
    
      
    
  
  
    
      
      
      Liked","Retweet
    
      
    
  
  
    
      
      Retweeted",NH
hef_2o11,2.3192469776644506e+17,This storm isn't holdin us back @c_hunter11,8:28 PM - 4 Aug 2012,"Like
    
      
    
  
  
    
      
      
      Liked","Retweet
    
      
    
  
  
    
      
      Retweeted",NH
casey_ann_irwin,2.319030458590331e+17,We made it through the storm and we're still going strong. God is speaking and the spirit is moving! Come on in #algerpic.twitter.com/3AD70lYb,7:02 PM - 4 Aug 2012,"Like
    
      
    
  
  
    
      
      
      Liked","Retweet
    
      
    
  
  
    
      
      Retweeted",NH
ayeee_wadds,2.3189948693757133e+17,@T_McComb85 SWEAR WE EFFING MISSED THE DANG STORM,6:48 PM - 4 Aug 2012,"Like
    
      
    
  
  
    
      
      
      Liked","Retweet
    
      
    
  
  
    
      
      Retweeted",NH
Archdaddy2012,2.3189820072905933e+17,Pussy ass storm,6:43 PM - 4 Aug 2012,"Like
    
      
    
  
  
    
      
      
      Liked","Retweet
    
      
    
  
  
    
      
      Retweeted",NH
hef_2o11,2.3189772006601933e+17,Glad I left my window down during that storm,6:41 PM - 4 Aug 2012,"Like
    
      
    
  
  
    
      
      
      Liked","Retweet
    
      
    
  
  
    
      
      Retweeted",NH
_Smalley15_,2.3188674122785587e+17,Storm tonight. >,5:58 PM - 4 Aug 2012,"Like
    
      
    
  
  
    
      
      
      Liked","Retweet
    
      
    1
  
  
    
      
      Retweeted
    
      
    1",NH
MillerFF,2.301332842255483e+17,"@15ndavis trade stubbs's power? We're competing for the best record in the league, I think we're okay lol",9:50 PM - 30 Jul 2012,"Like
    
      
    
  
  
    
      
      
      Liked","Retweet
    
      
    
  
  
    
      
      Retweeted",NH
luscious_Xox,2.2975168491251302e+17,Bout to power clean up doe,8:34 PM - 29 Jul 2012,"Like
    
      
    
  
  
    
      
      
      Liked","Retweet
    
      
    
  
  
    
      
      Retweeted",NH
austinwindle,2.285522393446523e+17,Let it storm,1:07 PM - 26 Jul 2012,"Like
    
      
    
  
  
    
      
      
      Liked","Retweet
    
      
    
  
  
    
      
      Retweeted",NH
austinwindle,2.28547514150826e+17,“@carrr14: The power better not go out!!”,12:49 PM - 26 Jul 2012,"Like
    
      
    
  
  
    
      
      
      Liked","Retweet
    
      
    
  
  
    
      
      Retweeted",NH
hef_2o11,2.285320193768366e+17,I wanna kno if it's actually gonna storm today,11:47 AM - 26 Jul 2012,"Like
    
      
    
  
  
    
      
      
      Liked","Retweet
    
      
    
  
  
    
      
      Retweeted",NH
_IontPlayNoRole,2.2834452786014618e+17,Da power circle #teamsouthside,11:22 PM - 25 Jul 2012,"Like
    
      
    
  
  
    
      
      
      Liked","Retweet
    
      
    
  
  
    
      
      Retweeted",NH
The_man_ight,2.2799414301464986e+17,I haven't took my power balance band off since I put it on cause it's a Boston Celtics one #BostonBeech,12:10 AM - 25 Jul 2012,"Like
    
      
    
  
  
    
      
      
      Liked","Retweet
    
      
    1
  
  
    
      
      Retweeted
    
      
    1",NH
lindseydhughes,2.277880607530066e+17,When the power goes out while I'm babysitting <<<<<,10:31 AM - 24 Jul 2012,"Like
    
      
    
  
  
    
      
      
      Liked","Retweet
    
      
    
  
  
    
      
      Retweeted",NH
DayeD92,2.2774853330916966e+17,"Weird, huge storm cloud. pic.twitter.com/B1RZ3pBX",7:54 AM - 24 Jul 2012,"Like
    
      
    
  
  
    
      
      
      Liked","Retweet
    
      
    
  
  
    
      
      Retweeted",NH
DenverDavis2010,2.258228498379694e+17,You lie like the pine tree in the backyard after last nights storm! #ohhthewayulie,12:22 AM - 19 Jul 2012,"Like
    
      
    
  
  
    
      
      
      Liked","Retweet
    
      
    1
  
  
    
      
      Retweeted
    
      
    1",NH
mcconnell_holly,2.2565821468183347e+17,What was the deal with the very short storm? #HatesHumidity,1:28 PM - 18 Jul 2012,"Like
    
      
    
  
  
    
      
      
      Liked","Retweet
    
      
    
  
  
    
      
      Retweeted",NH
CheneyBaker,2.2539831853934182e+17,“@Rickonia: OMG!!! I just saw someone with a Blackberry!!!” I miss my storm sometimes. #bbmforlife,8:15 PM - 17 Jul 2012,"Like
    
      
    
  
  
    
      
      
      Liked","Retweet
    
      
    
  
  
    
      
      Retweeted",NH
JimmyKimmelLive,1.0826846925187276e+18,.@IamGuillermo’s amazing New Year’s resolution brought to life thanks to @ChevyTrucks… #adpic.twitter.com/TMGdujVGjn,12:05 PM - 8 Jan 2019,"Like
    
      
    1.2K
  
  
    
      
      
      Liked
    
      
    1.2K","Retweet
    
      
    90
  
  
    
      
      Retweeted
    
      
    90",NH
Snowmobiler2855,2.2145117350750208e+17,I would love to have power.....#itshot #thissucks,10:50 PM - 6 Jul 2012,"Like
    
      
    
  
  
    
      
      
      Liked","Retweet
    
      
    
  
  
    
      
      Retweeted",NH
RoseFarms01,2.2125382248236646e+17,Information is power,9:46 AM - 6 Jul 2012,"Like
    
      
    
  
  
    
      
      
      Liked","Retweet
    
      
    
  
  
    
      
      Retweeted",NH
mschroeder15,2.2119338998143795e+17,what the hell happened to the power?  #pissedtweet #comeback,5:46 AM - 6 Jul 2012,"Like
    
      
    
  
  
    
      
      
      Liked","Retweet
    
      
    
  
  
    
      
      Retweeted",NH
jmorphal,2.210288737128366e+17,@14allmb see that storm was weak. So @ppeterson2016 would have protected you haha,6:52 PM - 5 Jul 2012,"Like
    
      
    
  
  
    
      
      
      Liked","Retweet
    
      
    
  
  
    
      
      Retweeted",NH
jmorphal,2.210156871230505e+17,@itscoolbro no. Some poles are splitting still from the storm from all the stress,6:00 PM - 5 Jul 2012,"Like
    
      
    
  
  
    
      
      
      Liked","Retweet
    
      
    1
  
  
    
      
      Retweeted
    
      
    1",NH
Flanderson351,2.2101469325754778e+17,I've got that power still though,5:56 PM - 5 Jul 2012,"Like
    
      
    
  
  
    
      
      
      Liked","Retweet
    
      
    
  
  
    
      
      Retweeted",NH
jmorphal,2.2101311324645786e+17,@itscoolbro power lines down in trees. We have a truck headed out there and aep is also headed there.,5:50 PM - 5 Jul 2012,"Like
    
      
    
  
  
    
      
      
      Liked","Retweet
    
      
    
  
  
    
      
      Retweeted",NH
hef_2o11,2.210091157937316e+17,Storm warning..... Im so over this shit,5:34 PM - 5 Jul 2012,"Like
    
      
    1
  
  
    
      
      
      Liked
    
      
    1","Retweet
    
      
    
  
  
    
      
      Retweeted",NH
wickedwxbot,2.207141397341266e+17,"damaging #wind - BELLE CENTER, #OH -- POWER LINES DOWN (ILN) http://goo.gl/dGXws",10:02 PM - 4 Jul 2012,"Like
    
      
    
  
  
    
      
      
      Liked","Retweet
    
      
    
  
  
    
      
      Retweeted",NH
hef_2o11,2.2031267401630515e+17,What I come home to... #storm pic.twitter.com/UOfphaTF,7:26 PM - 3 Jul 2012,"Like
    
      
    
  
  
    
      
      
      Liked","Retweet
    
      
    
  
  
    
      
      Retweeted",NH
AshlieLegge,2.2012108617037824e+17,Work is where I'll be all day. Why did the power have to come back on?,6:45 AM - 3 Jul 2012,"Like
    
      
    
  
  
    
      
      
      Liked","Retweet
    
      
    1
  
  
    
      
      Retweeted
    
      
    1",NH
dreyamw25,2.1996440403535462e+17,@DuckettJordan nun much just got my power back on,8:22 PM - 2 Jul 2012,"Like
    
      
    
  
  
    
      
      
      Liked","Retweet
    
      
    
  
  
    
      
      Retweeted",NH
_iHatePain_,2.198029253949604e+17,"@freshh_boy2 when the power get bck on , the storm fucked up everything onhoooood",9:41 AM - 2 Jul 2012,"Like
    
      
    
  
  
    
      
      
      Liked","Retweet
    
      
    
  
  
    
      
      Retweeted",NH
lindseydhughes,2.197873686417326e+17,The fact that they don't have power makes them think they can annoy me and eachother instead :/,8:39 AM - 2 Jul 2012,"Like
    
      
    
  
  
    
      
      
      Liked","Retweet
    
      
    
  
  
    
      
      Retweeted",NH
dbf_thamob,2.1960737264829235e+17,All tha real niggas will tune in for tha mmg performance!!! Power circle,8:44 PM - 1 Jul 2012,"Like
    
      
    
  
  
    
      
      
      Liked","Retweet
    
      
    
  
  
    
      
      Retweeted",NH
AshlieLegge,2.1959295952238182e+17,Thank God for the power being out in Lima. No work = a day of relaxation!,7:46 PM - 1 Jul 2012,"Like
    
      
    
  
  
    
      
      
      Liked","Retweet
    
      
    
  
  
    
      
      Retweeted",NH
jessidukes09,2.1956030206744986e+17,I swear when our power came i was screaming like I hit da lotto doe!,5:37 PM - 1 Jul 2012,"Like
    
      
    
  
  
    
      
      
      Liked","Retweet
    
      
    
  
  
    
      
      Retweeted",NH
jessidukes09,2.195453998731264e+17,OMG My power is back on!!!... Me n my  mom outside screaming n yelling!!!! Lol Thank U JESUS!!!!,4:37 PM - 1 Jul 2012,"Like
    
      
    
  
  
    
      
      
      Liked","Retweet
    
      
    
  
  
    
      
      Retweeted",NH
Archdaddy2012,2.195280502856253e+17,Another storm coming,3:29 PM - 1 Jul 2012,"Like
    
      
    
  
  
    
      
      
      Liked","Retweet
    
      
    
  
  
    
      
      Retweeted",NH
Autumn_W,2.194895688466596e+17,STILL NO POWER ! forrealllll in moving outtttt.,12:56 PM - 1 Jul 2012,"Like
    
      
    
  
  
    
      
      
      Liked","Retweet
    
      
    
  
  
    
      
      Retweeted",NH
JimmyKimmelLive,1.0826846925187276e+18,.@IamGuillermo’s amazing New Year’s resolution brought to life thanks to @ChevyTrucks… #adpic.twitter.com/TMGdujVGjn,12:05 PM - 8 Jan 2019,"Like
    
      
    1.2K
  
  
    
      
      
      Liked
    
      
    1.2K","Retweet
    
      
    90
  
  
    
      
      Retweeted
    
      
    90",NH
jmorphal,2.1913106100584448e+17,@Sam_J_Schneider I have power (;,1:11 PM - 30 Jun 2012,"Like
    
      
    1
  
  
    
      
      
      Liked
    
      
    1","Retweet
    
      
    
  
  
    
      
      Retweeted",NH
D___Money,2.1912529503322112e+17,We'll fuck still no power at my house looks like in staying in wapak again,12:48 PM - 30 Jun 2012,"Like
    
      
    
  
  
    
      
      
      Liked","Retweet
    
      
    
  
  
    
      
      Retweeted",NH
3lking2,2.1911670567325696e+17,That storm yesterday was pretty damn intense.,12:14 PM - 30 Jun 2012,"Like
    
      
    
  
  
    
      
      
      Liked","Retweet
    
      
    
  
  
    
      
      Retweeted",NH
The_man_ight,2.1910783102511517e+17,That storm fucked up all our electronics,11:39 AM - 30 Jun 2012,"Like
    
      
    
  
  
    
      
      
      Liked","Retweet
    
      
    
  
  
    
      
      Retweeted",NH
ayeee_wadds,2.1908977235696026e+17,“@caytianne: @ayeee_wadds lmfao I was dreaming I had power :(” ctfu i wish,10:27 AM - 30 Jun 2012,"Like
    
      
    
  
  
    
      
      
      Liked","Retweet
    
      
    
  
  
    
      
      Retweeted",NH
OHSNAP_itsjChap,2.190744519905239e+17,About to get in the shower at my boyfriends lovely power filled apartment :) #suckers,9:26 AM - 30 Jun 2012,"Like
    
      
    
  
  
    
      
      
      Liked","Retweet
    
      
    
  
  
    
      
      Retweeted",NH
ayeee_wadds,2.190708188592251e+17,"65,000 people without power 24,000 are in allen county #TeamAmish",9:12 AM - 30 Jun 2012,"Like
    
      
    1
  
  
    
      
      
      Liked
    
      
    1","Retweet
    
      
    4
  
  
    
      
      Retweeted
    
      
    4",NH
kjs57,2.1905624434069504e+17,Still no power.....probably will not be back on for several days..... Lots of damage....my poor trees.....,8:14 AM - 30 Jun 2012,"Like
    
      
    
  
  
    
      
      
      Liked","Retweet
    
      
    
  
  
    
      
      Retweeted",NH
jmorphal,2.190499396306862e+17,Who still has no power,7:49 AM - 30 Jun 2012,"Like
    
      
    
  
  
    
      
      
      Liked","Retweet
    
      
    
  
  
    
      
      Retweeted",NH
k_nasty7,2.189518855524925e+17,His phones off because he has NO POWER ...    :/,1:19 AM - 30 Jun 2012,"Like
    
      
    
  
  
    
      
      
      Liked","Retweet
    
      
    
  
  
    
      
      Retweeted",NH
Archdaddy2012,2.1892932018020352e+17,Power is really gonna piss me off,11:49 PM - 29 Jun 2012,"Like
    
      
    
  
  
    
      
      
      Liked","Retweet
    
      
    
  
  
    
      
      Retweeted",NH
Flanderson351,2.189274354445312e+17,Storm fucked my car up. That thing honestly means the world to me too. Fuck you mother nature.,11:42 PM - 29 Jun 2012,"Like
    
      
    
  
  
    
      
      
      Liked","Retweet
    
      
    
  
  
    
      
      Retweeted",NH
og_wahoo,2.1892694567983923e+17,Workin' till 3 or 4 in the morning... Lol this has been a hellish day--Original Chicken sale + MAJOR power outages.,11:40 PM - 29 Jun 2012,"Like
    
      
    
  
  
    
      
      
      Liked","Retweet
    
      
    
  
  
    
      
      Retweeted",NH
ayeee_wadds,2.1892378511239987e+17,“@A_HitItInThe_M: @ayeee_wadds @ohisthat_kd me too you can go to the bathroom w no power. thats water not electricity” ctfu right lmao,11:27 PM - 29 Jun 2012,"Like
    
      
    
  
  
    
      
      
      Liked","Retweet
    
      
    
  
  
    
      
      Retweeted",NH
ayeee_wadds,2.1892321945178112e+17,"“@OhIsThat_KD: If your power is out, N you gotta poop <<” my powers out and i went to the restroom? Lol",11:25 PM - 29 Jun 2012,"Like
    
      
    
  
  
    
      
      
      Liked","Retweet
    
      
    
  
  
    
      
      Retweeted",NH
ayeee_wadds,2.18921042691883e+17,“@_EZJakeOven: sorry to anyone who doesnt have power lol” my whole freaking road. Pissed,11:16 PM - 29 Jun 2012,"Like
    
      
    
  
  
    
      
      
      Liked","Retweet
    
      
    
  
  
    
      
      Retweeted",NH
jmorphal,2.189102631166935e+17,I find it funny that everyone is out of power but I have had power the WHOLE time,10:34 PM - 29 Jun 2012,"Like
    
      
    
  
  
    
      
      
      Liked","Retweet
    
      
    3
  
  
    
      
      Retweeted
    
      
    3",NH
ayeee_wadds,2.189069282843197e+17,COOL ANDREW COOL I GOT POWER IN ONE CORD LMAO,10:20 PM - 29 Jun 2012,"Like
    
      
    
  
  
    
      
      
      Liked","Retweet
    
      
    
  
  
    
      
      Retweeted",NH
ayeee_wadds,2.189035831590912e+17,“@lolieee32: SOMEONE FIX THE DAMN POWER #gettingpissed”,10:07 PM - 29 Jun 2012,"Like
    
      
    
  
  
    
      
      
      Liked","Retweet
    
      
    
  
  
    
      
      Retweeted",NH
ayeee_wadds,2.18899373562667e+17,I dont have power but im still charging my phone #boss,9:50 PM - 29 Jun 2012,"Like
    
      
    
  
  
    
      
      
      Liked","Retweet
    
      
    
  
  
    
      
      Retweeted",NH
VoiceSummitAI,1.0830326465806664e+18,"After over a million pre-orders, Amazon's Echo Auto has begun to ship https://tcrn.ch/2TxJZkU  by @techcrunch // ""The Echo Auto, meanwhile, is still only available on an invite-only basis."" #CES2019pic.twitter.com/RzBQREkhF0",11:07 AM - 9 Jan 2019,"Like
    
      
    6
  
  
    
      
      
      Liked
    
      
    6","Retweet
    
      
    2
  
  
    
      
      Retweeted
    
      
    2",NH
jessidukes09,2.188963058235474e+17,Aveonn told me dey got power!!! I started goin off on him for no reason smh!!! #Poorbaby! Lol,9:38 PM - 29 Jun 2012,"Like
    
      
    
  
  
    
      
      
      Liked","Retweet
    
      
    
  
  
    
      
      Retweeted",NH
Autumn_W,2.1889556351983206e+17,"No power , no problem. Staying at my grandmas . Lmao",9:35 PM - 29 Jun 2012,"Like
    
      
    
  
  
    
      
      
      Liked","Retweet
    
      
    
  
  
    
      
      Retweeted",NH
alycat1306,2.188946700701696e+17,@mrdennero ya we stayed open til it got too dark. Cole streets roof blew off and stayed open. But they had power.,9:32 PM - 29 Jun 2012,"Like
    
      
    
  
  
    
      
      
      Liked","Retweet
    
      
    
  
  
    
      
      Retweeted",NH
alycat1306,2.1889346984071987e+17,Closed the store early since the power was out and I couldn't see anything in my store! I can't wait to open it tomorrow..... #totalmess,9:27 PM - 29 Jun 2012,"Like
    
      
    
  
  
    
      
      
      Liked","Retweet
    
      
    
  
  
    
      
      Retweeted",NH
jessidukes09,2.1889207812451533e+17,@summ74 u got power,9:21 PM - 29 Jun 2012,"Like
    
      
    
  
  
    
      
      
      Liked","Retweet
    
      
    
  
  
    
      
      Retweeted",NH
iScreem,2.1888151772267725e+17,"@beckisth 20,000 out of power here in Allen Co (Lima) but 145,000 in Franklin Co. But lots of damage. Lot of trees blown over into houses",8:39 PM - 29 Jun 2012,"Like
    
      
    
  
  
    
      
      
      Liked","Retweet
    
      
    
  
  
    
      
      Retweeted",NH
iScreem,2.1887823849837363e+17,Well there are 5+ power poles snapped in half right next to our house so we may be without power for quite a while.,8:26 PM - 29 Jun 2012,"Like
    
      
    
  
  
    
      
      
      Liked","Retweet
    
      
    
  
  
    
      
      Retweeted",NH
LGoinHambrister,2.1887305644835226e+17,I have power Lololololololol,8:06 PM - 29 Jun 2012,"Like
    
      
    
  
  
    
      
      
      Liked","Retweet
    
      
    
  
  
    
      
      Retweeted",NH
kodykinser4k,2.188240643142492e+17,No power in lima,4:51 PM - 29 Jun 2012,"Like
    
      
    
  
  
    
      
      
      Liked","Retweet
    
      
    
  
  
    
      
      Retweeted",NH
alycat1306,2.188199287137362e+17,@alliesloan6 aep said 7pm is est time for power outage :(,4:35 PM - 29 Jun 2012,"Like
    
      
    
  
  
    
      
      
      Liked","Retweet
    
      
    
  
  
    
      
      Retweeted",NH
bullshitwalk,2.1881491157957018e+17,Im glad my power aint out,4:15 PM - 29 Jun 2012,"Like
    
      
    
  
  
    
      
      
      Liked","Retweet
    
      
    
  
  
    
      
      Retweeted",NH
OHSNAP_itsjChap,2.1881416506895565e+17,This is like the worst storm ever,4:12 PM - 29 Jun 2012,"Like
    
      
    
  
  
    
      
      
      Liked","Retweet
    
      
    
  
  
    
      
      Retweeted",NH
OHSNAP_itsjChap,2.188127523770245e+17,@torie_v on 309 cause of this crazy ass storm !,4:06 PM - 29 Jun 2012,"Like
    
      
    
  
  
    
      
      
      Liked","Retweet
    
      
    
  
  
    
      
      Retweeted",NH
nicdyer80,2.1880896284434022e+17,STORM!!! ha needed that,3:51 PM - 29 Jun 2012,"Like
    
      
    
  
  
    
      
      
      Liked","Retweet
    
      
    
  
  
    
      
      Retweeted",NH
UncleTony10,2.188027214809006e+17,Just so everyone can know the #Storm finally found me in #Ohio,3:26 PM - 29 Jun 2012,"Like
    
      
    
  
  
    
      
      
      Liked","Retweet
    
      
    
  
  
    
      
      Retweeted",NH
k_glover2,2.18800906907562e+17,"Think I broke my ARM in this storm , wind threw me off my bike /: I'm at the y now ...",3:19 PM - 29 Jun 2012,"Like
    
      
    
  
  
    
      
      
      Liked","Retweet
    
      
    
  
  
    
      
      Retweeted",NH
ayeee_wadds,2.1880066075644317e+17,“@DrewFreels33: I don't get how people get scared of a storm lol” all pussies,3:18 PM - 29 Jun 2012,"Like
    
      
    
  
  
    
      
      
      Liked","Retweet
    
      
    
  
  
    
      
      Retweeted",NH
ayeee_wadds,2.1880032358473728e+17,“@KIANtheignition: Additional generic tweet about the storm”,3:17 PM - 29 Jun 2012,"Like
    
      
    
  
  
    
      
      
      Liked","Retweet
    
      
    
  
  
    
      
      Retweeted",NH
TheSteph0528,2.187994625025024e+17,All hell just broke at the dog show...there is fricken tropical storm outside!!!,3:13 PM - 29 Jun 2012,"Like
    
      
    
  
  
    
      
      
      Liked","Retweet
    
      
    
  
  
    
      
      Retweeted",NH
bullshitwalk,2.1762947078437277e+17,I need to make a power move today,9:44 AM - 26 Jun 2012,"Like
    
      
    
  
  
    
      
      
      Liked","Retweet
    
      
    
  
  
    
      
      Retweeted",NH
JimmyKimmelLive,1.0826846925187276e+18,.@IamGuillermo’s amazing New Year’s resolution brought to life thanks to @ChevyTrucks… #adpic.twitter.com/TMGdujVGjn,12:05 PM - 8 Jan 2019,"Like
    
      
    1.2K
  
  
    
      
      
      Liked
    
      
    1.2K","Retweet
    
      
    90
  
  
    
      
      Retweeted
    
      
    90",NH
hef_2o11,2.146792164600136e+17,Chance of storm @ 1  I will take it!!!!!!!!,6:21 AM - 18 Jun 2012,"Like
    
      
    
  
  
    
      
      
      Liked","Retweet
    
      
    
  
  
    
      
      Retweeted",NH
WesWyatt,2.1439157464007885e+17,Getting ready for a storm... (@ Glacier Hills Campground) [pic]: http://4sq.com/Kda2n1,11:18 AM - 17 Jun 2012,"Like
    
      
    
  
  
    
      
      
      Liked","Retweet
    
      
    
  
  
    
      
      Retweeted",NH
nicdyer80,2.143229574288548e+17,Power of Love > Love of Power,6:45 AM - 17 Jun 2012,"Like
    
      
    1
  
  
    
      
      
      Liked
    
      
    1","Retweet
    
      
    1
  
  
    
      
      Retweeted
    
      
    1",NH
jmorphal,2.127522283505623e+17,I could go for a thunder storm,10:44 PM - 12 Jun 2012,"Like
    
      
    
  
  
    
      
      
      Liked","Retweet
    
      
    
  
  
    
      
      Retweeted",NH
collmezach,2.127329535523676e+17,"“@Z_Sterfry_34: Power hour with whiskey 
#manshit” for about 10 min",9:27 PM - 12 Jun 2012,"Like
    
      
    
  
  
    
      
      
      Liked","Retweet
    
      
    
  
  
    
      
      Retweeted",NH
bullshitwalk,2.1095288560379904e+17,I can put u in a position of power,11:34 PM - 7 Jun 2012,"Like
    
      
    
  
  
    
      
      
      Liked","Retweet
    
      
    
  
  
    
      
      Retweeted",NH
BossYa_LifeUp,2.1057141939699712e+17,Swear he said my brother look like the blue power ranger lmfaoo .,10:18 PM - 6 Jun 2012,"Like
    
      
    
  
  
    
      
      
      Liked","Retweet
    
      
    
  
  
    
      
      Retweeted",NH
jmorphal,2.105679115873321e+17,@Carly_marie20 well shouldn't you be the princess? And your bigger then him I'm use. Your hour power and kick his ass hah,10:04 PM - 6 Jun 2012,"Like
    
      
    
  
  
    
      
      
      Liked","Retweet
    
      
    
  
  
    
      
      Retweeted",NH
bullshitwalk,2.084665711511511e+17,I got that #power blow ya brains out knock ya back out,2:54 AM - 1 Jun 2012,"Like
    
      
    
  
  
    
      
      
      Liked","Retweet
    
      
    
  
  
    
      
      Retweeted",NH
bullshitwalk,2.0846506176793805e+17,Imma put u in a position of power,2:48 AM - 1 Jun 2012,"Like
    
      
    
  
  
    
      
      
      Liked","Retweet
    
      
    
  
  
    
      
      Retweeted",NH
greattweetsam,2.083383782304727e+17,It's about to storm outside. #TwitterWeatherMan,6:25 PM - 31 May 2012,"Like
    
      
    1
  
  
    
      
      
      Liked
    
      
    1","Retweet
    
      
    
  
  
    
      
      Retweeted",NH
greattweetsam,1.9716515751068058e+17,"@CBush11 That would be unbearable. I have power, I'm just too spoiled.",10:26 PM - 30 Apr 2012,"Like
    
      
    
  
  
    
      
      
      Liked","Retweet
    
      
    
  
  
    
      
      Retweeted",NH
jennajanerandy,1.970967981485056e+17,Cool. Storm warning interrupting a good ass song. Clearly there's a storm. #nadoi,5:55 PM - 30 Apr 2012,"Like
    
      
    1
  
  
    
      
      
      Liked
    
      
    1","Retweet
    
      
    
  
  
    
      
      Retweeted",NH
LovelyLoisss,1.9682503235220685e+17,@paigedirmeyer13 well you are a VP and I have the power to bankrupt us so... I think they'll comply,11:55 PM - 29 Apr 2012,"Like
    
      
    
  
  
    
      
      
      Liked","Retweet
    
      
    
  
  
    
      
      Retweeted",NH
topix_oh,1.9656761919158272e+17,Power crews discover fatal accident - http://bit.ly/Ihjx8L  #Botkins #Ohio,6:52 AM - 29 Apr 2012,"Like
    
      
    
  
  
    
      
      
      Liked","Retweet
    
      
    
  
  
    
      
      Retweeted",NH
jmorphal,1.953476492291113e+17,I want it to storm right now. Like a big one. But not big enough for a tornado. No one likes that shit.,10:04 PM - 25 Apr 2012,"Like
    
      
    
  
  
    
      
      
      Liked","Retweet
    
      
    
  
  
    
      
      Retweeted",NH
taylynee,1.949355912579031e+17,Failing asleep while studying means I need a quick power nap,6:47 PM - 24 Apr 2012,"Like
    
      
    
  
  
    
      
      
      Liked","Retweet
    
      
    
  
  
    
      
      Retweeted",NH
AshlieLegge,1.880557135647293e+17,"@TheBeef64 ""no.. I am not Lacanda Welldin.. Tell the power company to stop calling me."" haha",7:09 PM - 5 Apr 2012,"Like
    
      
    
  
  
    
      
      
      Liked","Retweet
    
      
    
  
  
    
      
      Retweeted",NH
babarchalk,1.8765311834181222e+17,"""You may feel like giving up, you may feel like you can't go on, but keep pushing, because there is always sunshine after the storm.”  #wiz",4:29 PM - 4 Apr 2012,"Like
    
      
    
  
  
    
      
      
      Liked","Retweet
    
      
    
  
  
    
      
      Retweeted",NH
ThaWhiteBoyVic_,1.8682729181965107e+17,this power point is puttin me in pain !,9:47 AM - 2 Apr 2012,"Like
    
      
    
  
  
    
      
      
      Liked","Retweet
    
      
    
  
  
    
      
      Retweeted",NH
edwin44oh,1.8625694131042304e+17,"@HiiiiiPower i think it's the ""hi power""",8:01 PM - 31 Mar 2012,"Like
    
      
    
  
  
    
      
      
      Liked","Retweet
    
      
    
  
  
    
      
      Retweeted",NH
topix_oh,1.847596327141376e+17,AEP working to restore power in Lima - http://bit.ly/GXtjG6  #Lima #Ohio,4:51 PM - 27 Mar 2012,"Like
    
      
    
  
  
    
      
      
      Liked","Retweet
    
      
    
  
  
    
      
      Retweeted",NH
AshlieLegge,1.8360261064800256e+17,"I'm gonna wish I had storm warning, I'm gonna wish I had a sign. 
#hunterhayes",12:14 PM - 24 Mar 2012,"Like
    
      
    
  
  
    
      
      
      Liked","Retweet
    
      
    
  
  
    
      
      Retweeted",NH
obmccconnect,1.7410781328140698e+17,The same power that conquered the grave lives in me,7:25 AM - 27 Feb 2012,"Like
    
      
    
  
  
    
      
      
      Liked","Retweet
    
      
    1
  
  
    
      
      Retweeted
    
      
    1",NH
kkinney2108,1.7327626353496883e+17,Power hour turned into two hours and listening to Disney and 90's music #winning,12:20 AM - 25 Feb 2012,"Like
    
      
    
  
  
    
      
      
      Liked","Retweet
    
      
    
  
  
    
      
      Retweeted",NH
MzKanesha,1.7161477055277466e+17,Time to get my day started I ask god to give me strength and wisdom and power as I'm out in about today!!!!,10:18 AM - 20 Feb 2012,"Like
    
      
    
  
  
    
      
      
      Liked","Retweet
    
      
    
  
  
    
      
      Retweeted",NH
mzisawesome,1.709880176228516e+17,Getting Helen Keller drunk tonight. #blackout,4:48 PM - 18 Feb 2012,"Like
    
      
    
  
  
    
      
      
      Liked","Retweet
    
      
    
  
  
    
      
      Retweeted",NH
taylynee,1.612471067728978e+17,"I can't focus. I'm tired. Therefore, I'm takin a power nap. This work can wait",7:41 PM - 22 Jan 2012,"Like
    
      
    
  
  
    
      
      
      Liked","Retweet
    
      
    
  
  
    
      
      Retweeted",NH
bullshitwalk,1.5935184691227034e+17,Its bout to storm,2:10 PM - 17 Jan 2012,"Like
    
      
    
  
  
    
      
      
      Liked","Retweet
    
      
    
  
  
    
      
      Retweeted",NH
Dear_Tyler,1.5392068734458675e+17,@d_ridge why is the power out?,2:28 PM - 2 Jan 2012,"Like
    
      
    
  
  
    
      
      
      Liked","Retweet
    
      
    
  
  
    
      
      Retweeted",NH
